allele,n_peptides,lambda,epsilon,epochs,fake_pcc,fake_mse
A0101,1157,0.001,0.01,200,0.636468,0.017384
A0101,1157,0.001,0.05,200,0.595867,0.020521
A0101,1157,0.001,0.1,200,0.531842,0.027667
A0101,1157,0.003,0.01,200,0.636489,0.017382
A0101,1157,0.003,0.05,200,0.595884,0.020519
A0101,1157,0.003,0.1,200,0.531859,0.027664
A0101,1157,0.01,0.01,200,0.636563,0.017376
A0101,1157,0.01,0.05,200,0.595943,0.020512
A0101,1157,0.01,0.1,200,0.531914,0.027651
A0101,1157,0.1,0.01,200,0.637467,0.017307
A0101,1157,0.1,0.05,200,0.596594,0.020426
A0101,1157,0.1,0.1,200,0.532395,0.027518
A0101,1157,0.3,0.01,200,0.639201,0.017172
A0101,1157,0.3,0.05,200,0.597758,0.020261
A0101,1157,0.3,0.1,200,0.533223,0.027257
A0101,1157,1.0,0.01,200,0.643567,0.016832
A0101,1157,1.0,0.05,200,0.600533,0.019834
A0101,1157,1.0,0.1,200,0.535376,0.026513
A0101,1157,3.0,0.01,200,0.650325,0.016324
A0101,1157,3.0,0.05,200,0.604534,0.019116
A0101,1157,3.0,0.1,200,0.538928,0.025044
A0101,1157,10.0,0.01,200,0.658099,0.015866
A0101,1157,10.0,0.05,200,0.607526,0.018132
A0101,1157,10.0,0.1,200,0.542570,0.022462
A0101,1157,30.0,0.01,200,0.658431,0.016345
A0101,1157,30.0,0.05,200,0.598510,0.017926
A0101,1157,30.0,0.1,200,0.534643,0.020509
A0201,3089,0.001,0.01,200,0.792564,0.035242
A0201,3089,0.001,0.05,200,0.758621,0.041574
A0201,3089,0.001,0.1,200,0.689228,0.056335
A0201,3089,0.003,0.01,200,0.792567,0.035241
A0201,3089,0.003,0.05,200,0.758624,0.041573
A0201,3089,0.003,0.1,200,0.689234,0.056333
A0201,3089,0.01,0.01,200,0.792578,0.035239
A0201,3089,0.01,0.05,200,0.758637,0.041569
A0201,3089,0.01,0.1,200,0.689254,0.056326
A0201,3089,0.1,0.01,200,0.792704,0.035210
A0201,3089,0.1,0.05,200,0.758766,0.041528
A0201,3089,0.1,0.1,200,0.689469,0.056238
A0201,3089,0.3,0.01,200,0.792937,0.035155
A0201,3089,0.3,0.05,200,0.758971,0.041450
A0201,3089,0.3,0.1,200,0.689890,0.056054
A0201,3089,1.0,0.01,200,0.793500,0.035010
A0201,3089,1.0,0.05,200,0.759467,0.041229
A0201,3089,1.0,0.1,200,0.691084,0.055493
A0201,3089,3.0,0.01,200,0.794367,0.034764
A0201,3089,3.0,0.05,200,0.760157,0.040791
A0201,3089,3.0,0.1,200,0.693359,0.054260
A0201,3089,10.0,0.01,200,0.794790,0.034601
A0201,3089,10.0,0.05,200,0.759730,0.040157
A0201,3089,10.0,0.1,200,0.696199,0.051804
A0201,3089,30.0,0.01,200,0.790779,0.035802
A0201,3089,30.0,0.05,200,0.752559,0.040686
A0201,3089,30.0,0.1,200,0.692572,0.049852
A0202,1447,0.001,0.01,200,0.749698,0.039509
A0202,1447,0.001,0.05,200,0.706887,0.046262
A0202,1447,0.001,0.1,200,0.646864,0.058459
A0202,1447,0.003,0.01,200,0.749725,0.039504
A0202,1447,0.003,0.05,200,0.706929,0.046253
A0202,1447,0.003,0.1,200,0.646896,0.058448
A0202,1447,0.01,0.01,200,0.749818,0.039487
A0202,1447,0.01,0.05,200,0.707070,0.046223
A0202,1447,0.01,0.1,200,0.646997,0.058412
A0202,1447,0.1,0.01,200,0.750874,0.039296
A0202,1447,0.1,0.05,200,0.708298,0.045950
A0202,1447,0.1,0.1,200,0.647847,0.058091
A0202,1447,0.3,0.01,200,0.752546,0.038989
A0202,1447,0.3,0.05,200,0.709742,0.045595
A0202,1447,0.3,0.1,200,0.648929,0.057606
A0202,1447,1.0,0.01,200,0.755375,0.038447
A0202,1447,1.0,0.05,200,0.711901,0.044933
A0202,1447,1.0,0.1,200,0.650650,0.056491
A0202,1447,3.0,0.01,200,0.757763,0.038026
A0202,1447,3.0,0.05,200,0.713969,0.044082
A0202,1447,3.0,0.1,200,0.652646,0.054554
A0202,1447,10.0,0.01,200,0.756802,0.038915
A0202,1447,10.0,0.05,200,0.713705,0.043927
A0202,1447,10.0,0.1,200,0.652969,0.052341
A0202,1447,30.0,0.01,200,0.744027,0.043916
A0202,1447,30.0,0.05,200,0.701451,0.048342
A0202,1447,30.0,0.1,200,0.639349,0.055616
A0203,1443,0.001,0.01,200,0.780239,0.036126
A0203,1443,0.001,0.05,200,0.749107,0.042103
A0203,1443,0.001,0.1,200,0.695675,0.053879
A0203,1443,0.003,0.01,200,0.780251,0.036123
A0203,1443,0.003,0.05,200,0.749124,0.042096
A0203,1443,0.003,0.1,200,0.695680,0.053870
A0203,1443,0.01,0.01,200,0.780292,0.036112
A0203,1443,0.01,0.05,200,0.749176,0.042074
A0203,1443,0.01,0.1,200,0.695690,0.053840
A0203,1443,0.1,0.01,200,0.780748,0.035983
A0203,1443,0.1,0.05,200,0.749526,0.041882
A0203,1443,0.1,0.1,200,0.695574,0.053609
A0203,1443,0.3,0.01,200,0.781424,0.035771
A0203,1443,0.3,0.05,200,0.749820,0.041609
A0203,1443,0.3,0.1,200,0.695297,0.053238
A0203,1443,1.0,0.01,200,0.782264,0.035399
A0203,1443,1.0,0.05,200,0.749820,0.041048
A0203,1443,1.0,0.1,200,0.694481,0.052303
A0203,1443,3.0,0.01,200,0.781005,0.035348
A0203,1443,3.0,0.05,200,0.747011,0.040614
A0203,1443,3.0,0.1,200,0.691250,0.051010
A0203,1443,10.0,0.01,200,0.769924,0.037413
A0203,1443,10.0,0.05,200,0.732087,0.042098
A0203,1443,10.0,0.1,200,0.675806,0.051044
A0203,1443,30.0,0.01,200,0.740305,0.043832
A0203,1443,30.0,0.05,200,0.698217,0.048067
A0203,1443,30.0,0.1,200,0.639915,0.055809
A0206,1437,0.001,0.01,200,0.769174,0.034701
A0206,1437,0.001,0.05,200,0.744211,0.039122
A0206,1437,0.001,0.1,200,0.701251,0.047516
A0206,1437,0.003,0.01,200,0.769186,0.034697
A0206,1437,0.003,0.05,200,0.744237,0.039113
A0206,1437,0.003,0.1,200,0.701255,0.047507
A0206,1437,0.01,0.01,200,0.769228,0.034685
A0206,1437,0.01,0.05,200,0.744320,0.039086
A0206,1437,0.01,0.1,200,0.701262,0.047479
A0206,1437,0.1,0.01,200,0.769657,0.034552
A0206,1437,0.1,0.05,200,0.744885,0.038851
A0206,1437,0.1,0.1,200,0.701041,0.047247
A0206,1437,0.3,0.01,200,0.770095,0.034363
A0206,1437,0.3,0.05,200,0.745038,0.038600
A0206,1437,0.3,0.1,200,0.700115,0.046981
A0206,1437,1.0,0.01,200,0.769597,0.034173
A0206,1437,1.0,0.05,200,0.743471,0.038352
A0206,1437,1.0,0.1,200,0.696633,0.046601
A0206,1437,3.0,0.01,200,0.765483,0.034524
A0206,1437,3.0,0.05,200,0.737167,0.038622
A0206,1437,3.0,0.1,200,0.686986,0.046576
A0206,1437,10.0,0.01,200,0.751560,0.036974
A0206,1437,10.0,0.05,200,0.717197,0.041165
A0206,1437,10.0,0.1,200,0.657180,0.048959
A0206,1437,30.0,0.01,200,0.723993,0.043344
A0206,1437,30.0,0.05,200,0.677740,0.048468
A0206,1437,30.0,0.1,200,0.597724,0.056656
A0301,2094,0.001,0.01,200,0.727484,0.030235
A0301,2094,0.001,0.05,200,0.689184,0.035549
A0301,2094,0.001,0.1,200,0.610827,0.049429
A0301,2094,0.003,0.01,200,0.727490,0.030234
A0301,2094,0.003,0.05,200,0.689191,0.035547
A0301,2094,0.003,0.1,200,0.610834,0.049426
A0301,2094,0.01,0.01,200,0.727513,0.030231
A0301,2094,0.01,0.05,200,0.689214,0.035541
A0301,2094,0.01,0.1,200,0.610855,0.049416
A0301,2094,0.1,0.01,200,0.727782,0.030190
A0301,2094,0.1,0.05,200,0.689447,0.035476
A0301,2094,0.1,0.1,200,0.611082,0.049294
A0301,2094,0.3,0.01,200,0.728275,0.030112
A0301,2094,0.3,0.05,200,0.689781,0.035358
A0301,2094,0.3,0.1,200,0.611476,0.049046
A0301,2094,1.0,0.01,200,0.729433,0.029919
A0301,2094,1.0,0.05,200,0.690369,0.035057
A0301,2094,1.0,0.1,200,0.612482,0.048310
A0301,2094,3.0,0.01,200,0.731070,0.029640
A0301,2094,3.0,0.05,200,0.690650,0.034530
A0301,2094,3.0,0.1,200,0.614249,0.046720
A0301,2094,10.0,0.01,200,0.731564,0.029607
A0301,2094,10.0,0.05,200,0.687631,0.033925
A0301,2094,10.0,0.1,200,0.615599,0.043637
A0301,2094,30.0,0.01,200,0.724559,0.030998
A0301,2094,30.0,0.05,200,0.676256,0.034394
A0301,2094,30.0,0.1,200,0.610134,0.041017
A1101,1985,0.001,0.01,200,0.783382,0.032478
A1101,1985,0.001,0.05,200,0.758229,0.037361
A1101,1985,0.001,0.1,200,0.717953,0.048671
A1101,1985,0.003,0.01,200,0.783387,0.032477
A1101,1985,0.003,0.05,200,0.758233,0.037360
A1101,1985,0.003,0.1,200,0.717957,0.048669
A1101,1985,0.01,0.01,200,0.783403,0.032473
A1101,1985,0.01,0.05,200,0.758246,0.037355
A1101,1985,0.01,0.1,200,0.717971,0.048660
A1101,1985,0.1,0.01,200,0.783604,0.032429
A1101,1985,0.1,0.05,200,0.758410,0.037298
A1101,1985,0.1,0.1,200,0.718128,0.048543
A1101,1985,0.3,0.01,200,0.783984,0.032344
A1101,1985,0.3,0.05,200,0.758698,0.037184
A1101,1985,0.3,0.1,200,0.718409,0.048306
A1101,1985,1.0,0.01,200,0.784908,0.032127
A1101,1985,1.0,0.05,200,0.759345,0.036879
A1101,1985,1.0,0.1,200,0.719116,0.047624
A1101,1985,3.0,0.01,200,0.786180,0.031829
A1101,1985,3.0,0.05,200,0.760191,0.036353
A1101,1985,3.0,0.1,200,0.720160,0.046280
A1101,1985,10.0,0.01,200,0.786247,0.031984
A1101,1985,10.0,0.05,200,0.759153,0.036045
A1101,1985,10.0,0.1,200,0.719848,0.044266
A1101,1985,30.0,0.01,200,0.779993,0.034421
A1101,1985,30.0,0.05,200,0.750122,0.038182
A1101,1985,30.0,0.1,200,0.712661,0.044709
A2301,104,0.001,0.01,200,0.546724,0.078704
A2301,104,0.001,0.05,200,0.518420,0.095845
A2301,104,0.001,0.1,200,0.530022,0.096104
A2301,104,0.003,0.01,200,0.547211,0.078508
A2301,104,0.003,0.05,200,0.519530,0.094954
A2301,104,0.003,0.1,200,0.530778,0.094935
A2301,104,0.01,0.01,200,0.548885,0.077841
A2301,104,0.01,0.05,200,0.523057,0.092173
A2301,104,0.01,0.1,200,0.532561,0.091708
A2301,104,0.1,0.01,200,0.566518,0.071404
A2301,104,0.1,0.05,200,0.549737,0.075779
A2301,104,0.1,0.1,200,0.554879,0.075635
A2301,104,0.3,0.01,200,0.587799,0.064921
A2301,104,0.3,0.05,200,0.587362,0.064745
A2301,104,0.3,0.1,200,0.597613,0.064097
A2301,104,1.0,0.01,200,0.601457,0.061330
A2301,104,1.0,0.05,200,0.620193,0.059513
A2301,104,1.0,0.1,200,0.618253,0.059498
A2301,104,3.0,0.01,200,0.575458,0.065126
A2301,104,3.0,0.05,200,0.596667,0.063933
A2301,104,3.0,0.1,200,0.584396,0.063387
A2301,104,10.0,0.01,200,0.482252,0.078713
A2301,104,10.0,0.05,200,0.502489,0.077231
A2301,104,10.0,0.1,200,0.496209,0.073812
A2301,104,30.0,0.01,200,0.378359,0.102175
A2301,104,30.0,0.05,200,0.416511,0.098299
A2301,104,30.0,0.1,200,0.413625,0.089101
A2402,197,0.001,0.01,200,0.563495,0.068333
A2402,197,0.001,0.05,200,0.528842,0.103785
A2402,197,0.001,0.1,200,0.484545,0.136071
A2402,197,0.003,0.01,200,0.563767,0.068183
A2402,197,0.003,0.05,200,0.530669,0.102245
A2402,197,0.003,0.1,200,0.488916,0.131859
A2402,197,0.01,0.01,200,0.564705,0.067666
A2402,197,0.01,0.05,200,0.536664,0.097332
A2402,197,0.01,0.1,200,0.502722,0.119376
A2402,197,0.1,0.01,200,0.574868,0.062275
A2402,197,0.1,0.05,200,0.575953,0.068588
A2402,197,0.1,0.1,200,0.566673,0.071395
A2402,197,0.3,0.01,200,0.588929,0.055396
A2402,197,0.3,0.05,200,0.587321,0.057077
A2402,197,0.3,0.1,200,0.571159,0.060573
A2402,197,1.0,0.01,200,0.607125,0.047856
A2402,197,1.0,0.05,200,0.587697,0.050970
A2402,197,1.0,0.1,200,0.560480,0.055494
A2402,197,3.0,0.01,200,0.620078,0.045062
A2402,197,3.0,0.05,200,0.587383,0.048965
A2402,197,3.0,0.1,200,0.548300,0.054063
A2402,197,10.0,0.01,200,0.618377,0.049826
A2402,197,10.0,0.05,200,0.575813,0.053845
A2402,197,10.0,0.1,200,0.527515,0.058652
A2402,197,30.0,0.01,200,0.585920,0.069770
A2402,197,30.0,0.05,200,0.539111,0.073360
A2402,197,30.0,0.1,200,0.489757,0.076116
A2403,254,0.001,0.01,200,0.415480,0.075099
A2403,254,0.001,0.05,200,0.345232,0.113905
A2403,254,0.001,0.1,200,0.326442,0.132319
A2403,254,0.003,0.01,200,0.415860,0.074921
A2403,254,0.003,0.05,200,0.346636,0.112642
A2403,254,0.003,0.1,200,0.328398,0.129915
A2403,254,0.01,0.01,200,0.417175,0.074309
A2403,254,0.01,0.05,200,0.351359,0.108536
A2403,254,0.01,0.1,200,0.334750,0.122517
A2403,254,0.1,0.01,200,0.432434,0.067698
A2403,254,0.1,0.05,200,0.392891,0.080195
A2403,254,0.1,0.1,200,0.378921,0.084488
A2403,254,0.3,0.01,200,0.457584,0.058492
A2403,254,0.3,0.05,200,0.431427,0.062445
A2403,254,0.3,0.1,200,0.410715,0.066362
A2403,254,1.0,0.01,200,0.499790,0.046700
A2403,254,1.0,0.05,200,0.470735,0.049308
A2403,254,1.0,0.1,200,0.441503,0.052780
A2403,254,3.0,0.01,200,0.533083,0.040399
A2403,254,3.0,0.05,200,0.496984,0.043461
A2403,254,3.0,0.1,200,0.461813,0.046134
A2403,254,10.0,0.01,200,0.548182,0.041502
A2403,254,10.0,0.05,200,0.494103,0.045391
A2403,254,10.0,0.1,200,0.422431,0.047842
A2403,254,30.0,0.01,200,0.531750,0.051345
A2403,254,30.0,0.05,200,0.411082,0.055109
A2403,254,30.0,0.1,200,0.281319,0.056439
A2601,672,0.001,0.01,200,0.536756,0.021388
A2601,672,0.001,0.05,200,0.477176,0.025291
A2601,672,0.001,0.1,200,0.406334,0.032807
A2601,672,0.003,0.01,200,0.536825,0.021381
A2601,672,0.003,0.05,200,0.477235,0.025282
A2601,672,0.003,0.1,200,0.406382,0.032797
A2601,672,0.01,0.01,200,0.537064,0.021357
A2601,672,0.01,0.05,200,0.477442,0.025255
A2601,672,0.01,0.1,200,0.406546,0.032761
A2601,672,0.1,0.01,200,0.539924,0.021063
A2601,672,0.1,0.05,200,0.479839,0.024925
A2601,672,0.1,0.1,200,0.408439,0.032335
A2601,672,0.3,0.01,200,0.545148,0.020536
A2601,672,0.3,0.05,200,0.484151,0.024325
A2601,672,0.3,0.1,200,0.412072,0.031524
A2601,672,1.0,0.01,200,0.556885,0.019396
A2601,672,1.0,0.05,200,0.494152,0.022951
A2601,672,1.0,0.1,200,0.421351,0.029531
A2601,672,3.0,0.01,200,0.571802,0.018077
A2601,672,3.0,0.05,200,0.507954,0.021089
A2601,672,3.0,0.1,200,0.434733,0.026610
A2601,672,10.0,0.01,200,0.581345,0.017413
A2601,672,10.0,0.05,200,0.518106,0.019417
A2601,672,10.0,0.1,200,0.439042,0.023590
A2601,672,30.0,0.01,200,0.568387,0.018826
A2601,672,30.0,0.05,200,0.493564,0.020125
A2601,672,30.0,0.1,200,0.398871,0.023165
A2902,160,0.001,0.01,200,0.668224,0.082532
A2902,160,0.001,0.05,200,0.634524,0.120437
A2902,160,0.001,0.1,200,0.614188,0.149334
A2902,160,0.003,0.01,200,0.668608,0.082283
A2902,160,0.003,0.05,200,0.636329,0.118742
A2902,160,0.003,0.1,200,0.618028,0.144948
A2902,160,0.01,0.01,200,0.669929,0.081430
A2902,160,0.01,0.05,200,0.642177,0.113354
A2902,160,0.01,0.1,200,0.629668,0.132229
A2902,160,0.1,0.01,200,0.684350,0.072565
A2902,160,0.1,0.05,200,0.680331,0.081218
A2902,160,0.1,0.1,200,0.679172,0.085619
A2902,160,0.3,0.01,200,0.704794,0.061331
A2902,160,0.3,0.05,200,0.703085,0.064420
A2902,160,0.3,0.1,200,0.698841,0.071758
A2902,160,1.0,0.01,200,0.732611,0.049012
A2902,160,1.0,0.05,200,0.725328,0.051839
A2902,160,1.0,0.1,200,0.711917,0.064284
A2902,160,3.0,0.01,200,0.748611,0.045022
A2902,160,3.0,0.05,200,0.729997,0.047671
A2902,160,3.0,0.1,200,0.695941,0.065671
A2902,160,10.0,0.01,200,0.729347,0.052445
A2902,160,10.0,0.05,200,0.689100,0.053404
A2902,160,10.0,0.1,200,0.632102,0.074519
A2902,160,30.0,0.01,200,0.658043,0.072797
A2902,160,30.0,0.05,200,0.609496,0.068653
A2902,160,30.0,0.1,200,0.556914,0.080709
A3001,669,0.001,0.01,200,0.644926,0.029109
A3001,669,0.001,0.05,200,0.616953,0.032821
A3001,669,0.001,0.1,200,0.573203,0.039583
A3001,669,0.003,0.01,200,0.644989,0.029100
A3001,669,0.003,0.05,200,0.617048,0.032806
A3001,669,0.003,0.1,200,0.573309,0.039560
A3001,669,0.01,0.01,200,0.645205,0.029066
A3001,669,0.01,0.05,200,0.617366,0.032754
A3001,669,0.01,0.1,200,0.573644,0.039485
A3001,669,0.1,0.01,200,0.647791,0.028666
A3001,669,0.1,0.05,200,0.620350,0.032230
A3001,669,0.1,0.1,200,0.575989,0.038819
A3001,669,0.3,0.01,200,0.652538,0.027936
A3001,669,0.3,0.05,200,0.624565,0.031399
A3001,669,0.3,0.1,200,0.578918,0.037755
A3001,669,1.0,0.01,200,0.663491,0.026295
A3001,669,1.0,0.05,200,0.633542,0.029549
A3001,669,1.0,0.1,200,0.584516,0.035303
A3001,669,3.0,0.01,200,0.678361,0.024310
A3001,669,3.0,0.05,200,0.644537,0.027252
A3001,669,3.0,0.1,200,0.589291,0.032018
A3001,669,10.0,0.01,200,0.691829,0.023584
A3001,669,10.0,0.05,200,0.649304,0.026371
A3001,669,10.0,0.1,200,0.582146,0.029861
A3001,669,30.0,0.01,200,0.691451,0.027311
A3001,669,30.0,0.05,200,0.628918,0.030643
A3001,669,30.0,0.1,200,0.527148,0.033919
A3002,92,0.001,0.01,200,0.435963,0.072588
A3002,92,0.001,0.05,200,0.387851,0.094992
A3002,92,0.001,0.1,200,0.381465,0.098847
A3002,92,0.003,0.01,200,0.436631,0.072367
A3002,92,0.003,0.05,200,0.390663,0.093537
A3002,92,0.003,0.1,200,0.386186,0.096338
A3002,92,0.01,0.01,200,0.438929,0.071616
A3002,92,0.01,0.05,200,0.399803,0.089033
A3002,92,0.01,0.1,200,0.400186,0.089407
A3002,92,0.1,0.01,200,0.463052,0.064450
A3002,92,0.1,0.05,200,0.457079,0.066670
A3002,92,0.1,0.1,200,0.456657,0.066543
A3002,92,0.3,0.01,200,0.490271,0.057487
A3002,92,0.3,0.05,200,0.482466,0.058135
A3002,92,0.3,0.1,200,0.476133,0.058840
A3002,92,1.0,0.01,200,0.498746,0.053771
A3002,92,1.0,0.05,200,0.477225,0.055091
A3002,92,1.0,0.1,200,0.458577,0.056631
A3002,92,3.0,0.01,200,0.468725,0.056307
A3002,92,3.0,0.05,200,0.424000,0.058412
A3002,92,3.0,0.1,200,0.382453,0.060882
A3002,92,10.0,0.01,200,0.397997,0.067667
A3002,92,10.0,0.05,200,0.311327,0.069592
A3002,92,10.0,0.1,200,0.245266,0.072494
A3002,92,30.0,0.01,200,0.306421,0.092742
A3002,92,30.0,0.05,200,0.136155,0.095641
A3002,92,30.0,0.1,200,0.010760,0.102246
A3101,1869,0.001,0.01,200,0.745871,0.029564
A3101,1869,0.001,0.05,200,0.711816,0.034408
A3101,1869,0.001,0.1,200,0.662461,0.043160
A3101,1869,0.003,0.01,200,0.745877,0.029563
A3101,1869,0.003,0.05,200,0.711823,0.034406
A3101,1869,0.003,0.1,200,0.662470,0.043157
A3101,1869,0.01,0.01,200,0.745901,0.029559
A3101,1869,0.01,0.05,200,0.711845,0.034400
A3101,1869,0.01,0.1,200,0.662497,0.043147
A3101,1869,0.1,0.01,200,0.746182,0.029511
A3101,1869,0.1,0.05,200,0.712061,0.034335
A3101,1869,0.1,0.1,200,0.662734,0.043035
A3101,1869,0.3,0.01,200,0.746697,0.029419
A3101,1869,0.3,0.05,200,0.712373,0.034216
A3101,1869,0.3,0.1,200,0.663096,0.042814
A3101,1869,1.0,0.01,200,0.747896,0.029190
A3101,1869,1.0,0.05,200,0.712969,0.033896
A3101,1869,1.0,0.1,200,0.663927,0.042168
A3101,1869,3.0,0.01,200,0.749595,0.028848
A3101,1869,3.0,0.05,200,0.713421,0.033315
A3101,1869,3.0,0.1,200,0.665058,0.040825
A3101,1869,10.0,0.01,200,0.750302,0.028823
A3101,1869,10.0,0.05,200,0.711271,0.032664
A3101,1869,10.0,0.1,200,0.663549,0.038727
A3101,1869,30.0,0.01,200,0.743596,0.031039
A3101,1869,30.0,0.05,200,0.699827,0.033978
A3101,1869,30.0,0.1,200,0.647548,0.039266
A3301,1140,0.001,0.01,200,0.673663,0.030980
A3301,1140,0.001,0.05,200,0.647131,0.035760
A3301,1140,0.001,0.1,200,0.597477,0.044266
A3301,1140,0.003,0.01,200,0.673679,0.030977
A3301,1140,0.003,0.05,200,0.647142,0.035755
A3301,1140,0.003,0.1,200,0.597481,0.044260
A3301,1140,0.01,0.01,200,0.673737,0.030964
A3301,1140,0.01,0.05,200,0.647179,0.035738
A3301,1140,0.01,0.1,200,0.597497,0.044238
A3301,1140,0.1,0.01,200,0.674390,0.030816
A3301,1140,0.1,0.05,200,0.647608,0.035536
A3301,1140,0.1,0.1,200,0.597912,0.043953
A3301,1140,0.3,0.01,200,0.675423,0.030558
A3301,1140,0.3,0.05,200,0.648180,0.035184
A3301,1140,0.3,0.1,200,0.598471,0.043437
A3301,1140,1.0,0.01,200,0.676995,0.030028
A3301,1140,1.0,0.05,200,0.648119,0.034459
A3301,1140,1.0,0.1,200,0.598398,0.042256
A3301,1140,3.0,0.01,200,0.677154,0.029494
A3301,1140,3.0,0.05,200,0.645401,0.033537
A3301,1140,3.0,0.1,200,0.596634,0.040360
A3301,1140,10.0,0.01,200,0.671845,0.029680
A3301,1140,10.0,0.05,200,0.636804,0.032712
A3301,1140,10.0,0.1,200,0.589721,0.037888
A3301,1140,30.0,0.01,200,0.653179,0.032200
A3301,1140,30.0,0.05,200,0.612583,0.033795
A3301,1140,30.0,0.1,200,0.561620,0.037697
A6801,1141,0.001,0.01,200,0.748614,0.038409
A6801,1141,0.001,0.05,200,0.720565,0.044087
A6801,1141,0.001,0.1,200,0.667980,0.055124
A6801,1141,0.003,0.01,200,0.748619,0.038406
A6801,1141,0.003,0.05,200,0.720559,0.044084
A6801,1141,0.003,0.1,200,0.667961,0.055119
A6801,1141,0.01,0.01,200,0.748637,0.038398
A6801,1141,0.01,0.05,200,0.720540,0.044074
A6801,1141,0.01,0.1,200,0.667900,0.055103
A6801,1141,0.1,0.01,200,0.748840,0.038292
A6801,1141,0.1,0.05,200,0.720428,0.043942
A6801,1141,0.1,0.1,200,0.667561,0.054869
A6801,1141,0.3,0.01,200,0.749153,0.038104
A6801,1141,0.3,0.05,200,0.720257,0.043692
A6801,1141,0.3,0.1,200,0.666882,0.054459
A6801,1141,1.0,0.01,200,0.749661,0.037694
A6801,1141,1.0,0.05,200,0.719182,0.043147
A6801,1141,1.0,0.1,200,0.664271,0.053523
A6801,1141,3.0,0.01,200,0.749265,0.037432
A6801,1141,3.0,0.05,200,0.715326,0.042584
A6801,1141,3.0,0.1,200,0.657110,0.052186
A6801,1141,10.0,0.01,200,0.741476,0.039415
A6801,1141,10.0,0.05,200,0.697730,0.044024
A6801,1141,10.0,0.1,200,0.630087,0.052582
A6801,1141,30.0,0.01,200,0.714420,0.046642
A6801,1141,30.0,0.05,200,0.650103,0.050293
A6801,1141,30.0,0.1,200,0.572467,0.057417
A6802,1434,0.001,0.01,200,0.724938,0.035188
A6802,1434,0.001,0.05,200,0.688587,0.040468
A6802,1434,0.001,0.1,200,0.635183,0.050225
A6802,1434,0.003,0.01,200,0.724949,0.035185
A6802,1434,0.003,0.05,200,0.688603,0.040463
A6802,1434,0.003,0.1,200,0.635197,0.050217
A6802,1434,0.01,0.01,200,0.724988,0.035177
A6802,1434,0.01,0.05,200,0.688651,0.040449
A6802,1434,0.01,0.1,200,0.635231,0.050194
A6802,1434,0.1,0.01,200,0.725421,0.035081
A6802,1434,0.1,0.05,200,0.688951,0.040328
A6802,1434,0.1,0.1,200,0.635322,0.050006
A6802,1434,0.3,0.01,200,0.726104,0.034915
A6802,1434,0.3,0.05,200,0.689262,0.040137
A6802,1434,0.3,0.1,200,0.635302,0.049685
A6802,1434,1.0,0.01,200,0.727325,0.034556
A6802,1434,1.0,0.05,200,0.689297,0.039706
A6802,1434,1.0,0.1,200,0.634413,0.048887
A6802,1434,3.0,0.01,200,0.727605,0.034271
A6802,1434,3.0,0.05,200,0.686861,0.039233
A6802,1434,3.0,0.1,200,0.629758,0.047705
A6802,1434,10.0,0.01,200,0.720371,0.035567
A6802,1434,10.0,0.05,200,0.673475,0.040124
A6802,1434,10.0,0.1,200,0.608380,0.047673
A6802,1434,30.0,0.01,200,0.695759,0.041020
A6802,1434,30.0,0.05,200,0.638268,0.045493
A6802,1434,30.0,0.1,200,0.555466,0.052588
A6901,833,0.001,0.01,200,0.474265,0.025858
A6901,833,0.001,0.05,200,0.426035,0.029912
A6901,833,0.001,0.1,200,0.380853,0.035043
A6901,833,0.003,0.01,200,0.474294,0.025854
A6901,833,0.003,0.05,200,0.426070,0.029907
A6901,833,0.003,0.1,200,0.380890,0.035037
A6901,833,0.01,0.01,200,0.474393,0.025841
A6901,833,0.01,0.05,200,0.426184,0.029890
A6901,833,0.01,0.1,200,0.381005,0.035016
A6901,833,0.1,0.01,200,0.475574,0.025674
A6901,833,0.1,0.05,200,0.427189,0.029701
A6901,833,0.1,0.1,200,0.381907,0.034762
A6901,833,0.3,0.01,200,0.477703,0.025359
A6901,833,0.3,0.05,200,0.428475,0.029355
A6901,833,0.3,0.1,200,0.382923,0.034288
A6901,833,1.0,0.01,200,0.482385,0.024608
A6901,833,1.0,0.05,200,0.430495,0.028500
A6901,833,1.0,0.1,200,0.383403,0.033105
A6901,833,3.0,0.01,200,0.487143,0.023685
A6901,833,3.0,0.05,200,0.429334,0.027307
A6901,833,3.0,0.1,200,0.378537,0.031263
A6901,833,10.0,0.01,200,0.481570,0.023632
A6901,833,10.0,0.05,200,0.411350,0.026601
A6901,833,10.0,0.1,200,0.354437,0.029402
A6901,833,30.0,0.01,200,0.445453,0.025979
A6901,833,30.0,0.05,200,0.358402,0.028282
A6901,833,30.0,0.1,200,0.291447,0.030211
B0702,1262,0.001,0.01,200,0.751892,0.022557
B0702,1262,0.001,0.05,200,0.718692,0.026284
B0702,1262,0.001,0.1,200,0.650682,0.034447
B0702,1262,0.003,0.01,200,0.751905,0.022556
B0702,1262,0.003,0.05,200,0.718711,0.026282
B0702,1262,0.003,0.1,200,0.650708,0.034443
B0702,1262,0.01,0.01,200,0.751952,0.022550
B0702,1262,0.01,0.05,200,0.718775,0.026274
B0702,1262,0.01,0.1,200,0.650795,0.034429
B0702,1262,0.1,0.01,200,0.752527,0.022484
B0702,1262,0.1,0.05,200,0.719510,0.026173
B0702,1262,0.1,0.1,200,0.651773,0.034268
B0702,1262,0.3,0.01,200,0.753682,0.022350
B0702,1262,0.3,0.05,200,0.720919,0.025975
B0702,1262,0.3,0.1,200,0.653724,0.033939
B0702,1262,1.0,0.01,200,0.756940,0.021972
B0702,1262,1.0,0.05,200,0.724931,0.025409
B0702,1262,1.0,0.1,200,0.659402,0.032986
B0702,1262,3.0,0.01,200,0.763089,0.021270
B0702,1262,3.0,0.05,200,0.732695,0.024310
B0702,1262,3.0,0.1,200,0.670354,0.031129
B0702,1262,10.0,0.01,200,0.772247,0.020359
B0702,1262,10.0,0.05,200,0.744580,0.022637
B0702,1262,10.0,0.1,200,0.686727,0.028144
B0702,1262,30.0,0.01,200,0.776408,0.020729
B0702,1262,30.0,0.05,200,0.749246,0.022253
B0702,1262,30.0,0.1,200,0.695551,0.026055
B0801,708,0.001,0.01,200,0.379082,0.009352
B0801,708,0.001,0.05,200,0.349102,0.010557
B0801,708,0.001,0.1,200,0.317896,0.012614
B0801,708,0.003,0.01,200,0.379186,0.009349
B0801,708,0.003,0.05,200,0.349205,0.010552
B0801,708,0.003,0.1,200,0.317991,0.012608
B0801,708,0.01,0.01,200,0.379547,0.009336
B0801,708,0.01,0.05,200,0.349559,0.010536
B0801,708,0.01,0.1,200,0.318318,0.012587
B0801,708,0.1,0.01,200,0.383874,0.009185
B0801,708,0.1,0.05,200,0.353601,0.010352
B0801,708,0.1,0.1,200,0.321959,0.012348
B0801,708,0.3,0.01,200,0.391853,0.008914
B0801,708,0.3,0.05,200,0.360675,0.010035
B0801,708,0.3,0.1,200,0.328347,0.011935
B0801,708,1.0,0.01,200,0.410224,0.008327
B0801,708,1.0,0.05,200,0.376434,0.009359
B0801,708,1.0,0.1,200,0.342920,0.011034
B0801,708,3.0,0.01,200,0.434151,0.007635
B0801,708,3.0,0.05,200,0.396207,0.008517
B0801,708,3.0,0.1,200,0.362078,0.009846
B0801,708,10.0,0.01,200,0.451520,0.007221
B0801,708,10.0,0.05,200,0.409308,0.007803
B0801,708,10.0,0.1,200,0.377343,0.008645
B0801,708,30.0,0.01,200,0.436435,0.007691
B0801,708,30.0,0.05,200,0.399761,0.007853
B0801,708,30.0,0.1,200,0.367391,0.008267
B1501,978,0.001,0.01,200,0.696409,0.017022
B1501,978,0.001,0.05,200,0.669628,0.018617
B1501,978,0.001,0.1,200,0.613368,0.022661
B1501,978,0.003,0.01,200,0.696440,0.017019
B1501,978,0.003,0.05,200,0.669670,0.018613
B1501,978,0.003,0.1,200,0.613419,0.022655
B1501,978,0.01,0.01,200,0.696546,0.017010
B1501,978,0.01,0.05,200,0.669812,0.018600
B1501,978,0.01,0.1,200,0.613587,0.022635
B1501,978,0.1,0.01,200,0.697808,0.016897
B1501,978,0.1,0.05,200,0.671269,0.018456
B1501,978,0.1,0.1,200,0.615105,0.022434
B1501,978,0.3,0.01,200,0.700096,0.016689
B1501,978,0.3,0.05,200,0.673544,0.018214
B1501,978,0.3,0.1,200,0.617538,0.022081
B1501,978,1.0,0.01,200,0.705188,0.016219
B1501,978,1.0,0.05,200,0.678457,0.017665
B1501,978,1.0,0.1,200,0.623035,0.021212
B1501,978,3.0,0.01,200,0.711439,0.015681
B1501,978,3.0,0.05,200,0.684433,0.016992
B1501,978,3.0,0.1,200,0.629191,0.019970
B1501,978,10.0,0.01,200,0.713650,0.015913
B1501,978,10.0,0.05,200,0.683844,0.017187
B1501,978,10.0,0.1,200,0.619524,0.019537
B1501,978,30.0,0.01,200,0.699575,0.018744
B1501,978,30.0,0.05,200,0.649859,0.020592
B1501,978,30.0,0.1,200,0.550467,0.022708
B1801,118,0.001,0.01,200,0.642928,0.026862
B1801,118,0.001,0.05,200,0.571223,0.034571
B1801,118,0.001,0.1,200,0.556575,0.037485
B1801,118,0.003,0.01,200,0.644167,0.026738
B1801,118,0.003,0.05,200,0.577368,0.033832
B1801,118,0.003,0.1,200,0.567302,0.036030
B1801,118,0.01,0.01,200,0.648404,0.026319
B1801,118,0.01,0.05,200,0.596999,0.031585
B1801,118,0.01,0.1,200,0.598688,0.032118
B1801,118,0.1,0.01,200,0.690817,0.022520
B1801,118,0.1,0.05,200,0.701249,0.021942
B1801,118,0.1,0.1,200,0.703609,0.021941
B1801,118,0.3,0.01,200,0.731394,0.019518
B1801,118,0.3,0.05,200,0.734495,0.019652
B1801,118,0.3,0.1,200,0.730813,0.020161
B1801,118,1.0,0.01,200,0.740616,0.019233
B1801,118,1.0,0.05,200,0.737366,0.020392
B1801,118,1.0,0.1,200,0.727506,0.021601
B1801,118,3.0,0.01,200,0.716624,0.021923
B1801,118,3.0,0.05,200,0.713330,0.024655
B1801,118,3.0,0.1,200,0.700899,0.027128
B1801,118,10.0,0.01,200,0.625829,0.030425
B1801,118,10.0,0.05,200,0.625568,0.037643
B1801,118,10.0,0.1,200,0.604681,0.044284
B1801,118,30.0,0.01,200,0.400806,0.046374
B1801,118,30.0,0.05,200,0.354077,0.060701
B1801,118,30.0,0.1,200,0.310475,0.070555
B2705,969,0.001,0.01,200,0.654146,0.009343
B2705,969,0.001,0.05,200,0.591580,0.011025
B2705,969,0.001,0.1,200,0.507713,0.013907
B2705,969,0.003,0.01,200,0.654166,0.009342
B2705,969,0.003,0.05,200,0.591613,0.011023
B2705,969,0.003,0.1,200,0.507762,0.013904
B2705,969,0.01,0.01,200,0.654237,0.009338
B2705,969,0.01,0.05,200,0.591724,0.011018
B2705,969,0.01,0.1,200,0.507924,0.013893
B2705,969,0.1,0.01,200,0.655102,0.009296
B2705,969,0.1,0.05,200,0.592883,0.010957
B2705,969,0.1,0.1,200,0.509464,0.013777
B2705,969,0.3,0.01,200,0.656768,0.009213
B2705,969,0.3,0.05,200,0.594825,0.010846
B2705,969,0.3,0.1,200,0.512150,0.013559
B2705,969,1.0,0.01,200,0.660998,0.008999
B2705,969,1.0,0.05,200,0.599424,0.010564
B2705,969,1.0,0.1,200,0.519019,0.012982
B2705,969,3.0,0.01,200,0.667348,0.008697
B2705,969,3.0,0.05,200,0.605733,0.010163
B2705,969,3.0,0.1,200,0.529855,0.012057
B2705,969,10.0,0.01,200,0.671430,0.008758
B2705,969,10.0,0.05,200,0.606327,0.010195
B2705,969,10.0,0.1,200,0.534597,0.011412
B2705,969,30.0,0.01,200,0.656898,0.010420
B2705,969,30.0,0.05,200,0.569082,0.012068
B2705,969,30.0,0.1,200,0.484198,0.012974
B3501,736,0.001,0.01,200,0.609003,0.047457
B3501,736,0.001,0.05,200,0.571137,0.053644
B3501,736,0.001,0.1,200,0.507581,0.067147
B3501,736,0.003,0.01,200,0.609063,0.047444
B3501,736,0.003,0.05,200,0.571220,0.053625
B3501,736,0.003,0.1,200,0.507672,0.067119
B3501,736,0.01,0.01,200,0.609268,0.047399
B3501,736,0.01,0.05,200,0.571499,0.053562
B3501,736,0.01,0.1,200,0.507971,0.067027
B3501,736,0.1,0.01,200,0.611722,0.046855
B3501,736,0.1,0.05,200,0.574358,0.052892
B3501,736,0.1,0.1,200,0.510791,0.066119
B3501,736,0.3,0.01,200,0.616225,0.045855
B3501,736,0.3,0.05,200,0.578803,0.051788
B3501,736,0.3,0.1,200,0.515230,0.064591
B3501,736,1.0,0.01,200,0.626381,0.043594
B3501,736,1.0,0.05,200,0.588109,0.049289
B3501,736,1.0,0.1,200,0.524752,0.060981
B3501,736,3.0,0.01,200,0.638287,0.040936
B3501,736,3.0,0.05,200,0.598808,0.046018
B3501,736,3.0,0.1,200,0.536378,0.055734
B3501,736,10.0,0.01,200,0.641679,0.039953
B3501,736,10.0,0.05,200,0.602604,0.043533
B3501,736,10.0,0.1,200,0.541988,0.050323
B3501,736,30.0,0.01,200,0.623017,0.043450
B3501,736,30.0,0.05,200,0.585819,0.044988
B3501,736,30.0,0.1,200,0.530285,0.049530
B4001,1078,0.001,0.01,200,0.521694,0.010249
B4001,1078,0.001,0.05,200,0.454191,0.012007
B4001,1078,0.001,0.1,200,0.375717,0.015182
B4001,1078,0.003,0.01,200,0.521727,0.010247
B4001,1078,0.003,0.05,200,0.454214,0.012005
B4001,1078,0.003,0.1,200,0.375731,0.015180
B4001,1078,0.01,0.01,200,0.521839,0.010244
B4001,1078,0.01,0.05,200,0.454294,0.012001
B4001,1078,0.01,0.1,200,0.375780,0.015172
B4001,1078,0.1,0.01,200,0.523184,0.010197
B4001,1078,0.1,0.05,200,0.455227,0.011944
B4001,1078,0.1,0.1,200,0.376354,0.015080
B4001,1078,0.3,0.01,200,0.525622,0.010110
B4001,1078,0.3,0.05,200,0.456828,0.011838
B4001,1078,0.3,0.1,200,0.377357,0.014902
B4001,1078,1.0,0.01,200,0.530935,0.009912
B4001,1078,1.0,0.05,200,0.460115,0.011578
B4001,1078,1.0,0.1,200,0.379598,0.014420
B4001,1078,3.0,0.01,200,0.536758,0.009676
B4001,1078,3.0,0.05,200,0.463496,0.011189
B4001,1078,3.0,0.1,200,0.382429,0.013569
B4001,1078,10.0,0.01,200,0.535655,0.009692
B4001,1078,10.0,0.05,200,0.462632,0.010846
B4001,1078,10.0,0.1,200,0.381893,0.012405
B4001,1078,30.0,0.01,200,0.512837,0.010510
B4001,1078,30.0,0.05,200,0.446337,0.011256
B4001,1078,30.0,0.1,200,0.348914,0.012305
B4002,118,0.001,0.01,200,0.523306,0.033177
B4002,118,0.001,0.05,200,0.559207,0.032360
B4002,118,0.001,0.1,200,0.576701,0.031935
B4002,118,0.003,0.01,200,0.524933,0.033008
B4002,118,0.003,0.05,200,0.565925,0.031567
B4002,118,0.003,0.1,200,0.588789,0.030450
B4002,118,0.01,0.01,200,0.530551,0.032434
B4002,118,0.01,0.05,200,0.587635,0.029192
B4002,118,0.01,0.1,200,0.624331,0.026594
B4002,118,0.1,0.01,200,0.591789,0.027186
B4002,118,0.1,0.05,200,0.694388,0.020975
B4002,118,0.1,0.1,200,0.702956,0.020548
B4002,118,0.3,0.01,200,0.663873,0.022962
B4002,118,0.3,0.05,200,0.697851,0.021807
B4002,118,0.3,0.1,200,0.685085,0.022528
B4002,118,1.0,0.01,200,0.695401,0.022746
B4002,118,1.0,0.05,200,0.687073,0.025279
B4002,118,1.0,0.1,200,0.663622,0.026274
B4002,118,3.0,0.01,200,0.680824,0.025904
B4002,118,3.0,0.05,200,0.669990,0.030977
B4002,118,3.0,0.1,200,0.643530,0.032310
B4002,118,10.0,0.01,200,0.594893,0.033716
B4002,118,10.0,0.05,200,0.533664,0.043624
B4002,118,10.0,0.1,200,0.453286,0.047695
B4002,118,30.0,0.01,200,0.335649,0.047629
B4002,118,30.0,0.05,200,0.190875,0.062739
B4002,118,30.0,0.1,200,0.092932,0.069195
B4402,119,0.001,0.01,200,0.574367,0.027134
B4402,119,0.001,0.05,200,0.538325,0.037150
B4402,119,0.001,0.1,200,0.535088,0.041180
B4402,119,0.003,0.01,200,0.575476,0.026989
B4402,119,0.003,0.05,200,0.541936,0.036285
B4402,119,0.003,0.1,200,0.540546,0.039504
B4402,119,0.01,0.01,200,0.579290,0.026499
B4402,119,0.01,0.05,200,0.553526,0.033665
B4402,119,0.01,0.1,200,0.556284,0.035010
B4402,119,0.1,0.01,200,0.619060,0.022111
B4402,119,0.1,0.05,200,0.615050,0.022774
B4402,119,0.1,0.1,200,0.604045,0.023382
B4402,119,0.3,0.01,200,0.659676,0.018740
B4402,119,0.3,0.05,200,0.634713,0.020257
B4402,119,0.3,0.1,200,0.614932,0.021424
B4402,119,1.0,0.01,200,0.672115,0.018010
B4402,119,1.0,0.05,200,0.637426,0.020207
B4402,119,1.0,0.1,200,0.602617,0.022291
B4402,119,3.0,0.01,200,0.663748,0.019294
B4402,119,3.0,0.05,200,0.609022,0.022900
B4402,119,3.0,0.1,200,0.553012,0.026120
B4402,119,10.0,0.01,200,0.579638,0.025041
B4402,119,10.0,0.05,200,0.477963,0.031054
B4402,119,10.0,0.1,200,0.405365,0.035418
B4402,119,30.0,0.01,200,0.384351,0.036479
B4402,119,30.0,0.05,200,0.290314,0.043278
B4402,119,30.0,0.1,200,0.249205,0.047247
B4403,119,0.001,0.01,200,0.656278,0.020920
B4403,119,0.001,0.05,200,0.668223,0.021558
B4403,119,0.001,0.1,200,0.669181,0.022511
B4403,119,0.003,0.01,200,0.657660,0.020804
B4403,119,0.003,0.05,200,0.673617,0.021022
B4403,119,0.003,0.1,200,0.678855,0.021451
B4403,119,0.01,0.01,200,0.662397,0.020412
B4403,119,0.01,0.05,200,0.690516,0.019428
B4403,119,0.01,0.1,200,0.705891,0.018726
B4403,119,0.1,0.01,200,0.710421,0.016858
B4403,119,0.1,0.05,200,0.762400,0.013862
B4403,119,0.1,0.1,200,0.765499,0.013672
B4403,119,0.3,0.01,200,0.758205,0.014023
B4403,119,0.3,0.05,200,0.772677,0.013288
B4403,119,0.3,0.1,200,0.773859,0.013202
B4403,119,1.0,0.01,200,0.776462,0.013470
B4403,119,1.0,0.05,200,0.771421,0.013873
B4403,119,1.0,0.1,200,0.774446,0.013747
B4403,119,3.0,0.01,200,0.766731,0.015346
B4403,119,3.0,0.05,200,0.755419,0.016502
B4403,119,3.0,0.1,200,0.752985,0.017016
B4403,119,10.0,0.01,200,0.685823,0.022547
B4403,119,10.0,0.05,200,0.648146,0.025889
B4403,119,10.0,0.1,200,0.614643,0.029362
B4403,119,30.0,0.01,200,0.408386,0.036786
B4403,119,30.0,0.05,200,0.331963,0.042924
B4403,119,30.0,0.1,200,0.296223,0.051680
B4501,114,0.001,0.01,200,0.658878,0.018770
B4501,114,0.001,0.05,200,0.678892,0.018663
B4501,114,0.001,0.1,200,0.695179,0.018505
B4501,114,0.003,0.01,200,0.660407,0.018649
B4501,114,0.003,0.05,200,0.684659,0.018160
B4501,114,0.003,0.1,200,0.705084,0.017565
B4501,114,0.01,0.01,200,0.665645,0.018241
B4501,114,0.01,0.05,200,0.702373,0.016694
B4501,114,0.01,0.1,200,0.730986,0.015291
B4501,114,0.1,0.01,200,0.718272,0.014653
B4501,114,0.1,0.05,200,0.762422,0.012447
B4501,114,0.1,0.1,200,0.762683,0.012496
B4501,114,0.3,0.01,200,0.765387,0.012138
B4501,114,0.3,0.05,200,0.766491,0.012113
B4501,114,0.3,0.1,200,0.768310,0.012043
B4501,114,1.0,0.01,200,0.766375,0.012211
B4501,114,1.0,0.05,200,0.762274,0.012315
B4501,114,1.0,0.1,200,0.763072,0.012340
B4501,114,3.0,0.01,200,0.728715,0.014071
B4501,114,3.0,0.05,200,0.730122,0.013816
B4501,114,3.0,0.1,200,0.721103,0.014672
B4501,114,10.0,0.01,200,0.615867,0.018658
B4501,114,10.0,0.05,200,0.630756,0.017673
B4501,114,10.0,0.1,200,0.617340,0.019962
B4501,114,30.0,0.01,200,0.467065,0.025380
B4501,114,30.0,0.05,200,0.506983,0.022151
B4501,114,30.0,0.1,200,0.512803,0.023973
B5101,244,0.001,0.01,200,0.557798,0.095729
B5101,244,0.001,0.05,200,0.460835,0.154921
B5101,244,0.001,0.1,200,0.442060,0.173046
B5101,244,0.003,0.01,200,0.558297,0.095454
B5101,244,0.003,0.05,200,0.462965,0.153110
B5101,244,0.003,0.1,200,0.445282,0.170063
B5101,244,0.01,0.01,200,0.560027,0.094507
B5101,244,0.01,0.05,200,0.470198,0.147161
B5101,244,0.01,0.1,200,0.455909,0.160665
B5101,244,0.1,0.01,200,0.580243,0.084295
B5101,244,0.1,0.05,200,0.538202,0.103162
B5101,244,0.1,0.1,200,0.537985,0.105464
B5101,244,0.3,0.01,200,0.613943,0.070277
B5101,244,0.3,0.05,200,0.606249,0.073589
B5101,244,0.3,0.1,200,0.603287,0.075907
B5101,244,1.0,0.01,200,0.668401,0.053784
B5101,244,1.0,0.05,200,0.668435,0.054236
B5101,244,1.0,0.1,200,0.654832,0.057635
B5101,244,3.0,0.01,200,0.703854,0.047285
B5101,244,3.0,0.05,200,0.695466,0.048441
B5101,244,3.0,0.1,200,0.668397,0.053230
B5101,244,10.0,0.01,200,0.717792,0.050442
B5101,244,10.0,0.05,200,0.694693,0.052852
B5101,244,10.0,0.1,200,0.653739,0.060093
B5101,244,30.0,0.01,200,0.706373,0.064395
B5101,244,30.0,0.05,200,0.672483,0.068368
B5101,244,30.0,0.1,200,0.617528,0.077213
B5301,254,0.001,0.01,200,0.675678,0.076001
B5301,254,0.001,0.05,200,0.580058,0.127266
B5301,254,0.001,0.1,200,0.552581,0.147429
B5301,254,0.003,0.01,200,0.676087,0.075802
B5301,254,0.003,0.05,200,0.582192,0.125679
B5301,254,0.003,0.1,200,0.555860,0.144644
B5301,254,0.01,0.01,200,0.677505,0.075118
B5301,254,0.01,0.05,200,0.589378,0.120490
B5301,254,0.01,0.1,200,0.566585,0.135925
B5301,254,0.1,0.01,200,0.693587,0.067792
B5301,254,0.1,0.05,200,0.652290,0.083582
B5301,254,0.1,0.1,200,0.643121,0.087401
B5301,254,0.3,0.01,200,0.718182,0.058037
B5301,254,0.3,0.05,200,0.705497,0.061181
B5301,254,0.3,0.1,200,0.692180,0.064898
B5301,254,1.0,0.01,200,0.749220,0.048215
B5301,254,1.0,0.05,200,0.739343,0.049752
B5301,254,1.0,0.1,200,0.713882,0.054553
B5301,254,3.0,0.01,200,0.755171,0.047925
B5301,254,3.0,0.05,200,0.734033,0.050765
B5301,254,3.0,0.1,200,0.697257,0.056028
B5301,254,10.0,0.01,200,0.735167,0.057190
B5301,254,10.0,0.05,200,0.695879,0.060797
B5301,254,10.0,0.1,200,0.644445,0.065339
B5301,254,30.0,0.01,200,0.698635,0.075781
B5301,254,30.0,0.05,200,0.630020,0.077383
B5301,254,30.0,0.1,200,0.568090,0.078205
B5401,255,0.001,0.01,200,0.657456,0.073304
B5401,255,0.001,0.05,200,0.549418,0.125031
B5401,255,0.001,0.1,200,0.513477,0.149537
B5401,255,0.003,0.01,200,0.657858,0.073116
B5401,255,0.003,0.05,200,0.551920,0.123479
B5401,255,0.003,0.1,200,0.517799,0.146540
B5401,255,0.01,0.01,200,0.659249,0.072473
B5401,255,0.01,0.05,200,0.560281,0.118425
B5401,255,0.01,0.1,200,0.531767,0.137231
B5401,255,0.1,0.01,200,0.674812,0.065613
B5401,255,0.1,0.05,200,0.628441,0.083395
B5401,255,0.1,0.1,200,0.621447,0.088016
B5401,255,0.3,0.01,200,0.697932,0.056514
B5401,255,0.3,0.05,200,0.678245,0.062804
B5401,255,0.3,0.1,200,0.669559,0.066509
B5401,255,1.0,0.01,200,0.727226,0.046931
B5401,255,1.0,0.05,200,0.710123,0.051576
B5401,255,1.0,0.1,200,0.696666,0.055904
B5401,255,3.0,0.01,200,0.736392,0.045999
B5401,255,3.0,0.05,200,0.713037,0.052757
B5401,255,3.0,0.1,200,0.697387,0.058134
B5401,255,10.0,0.01,200,0.717209,0.056090
B5401,255,10.0,0.05,200,0.687885,0.066380
B5401,255,10.0,0.1,200,0.659126,0.073773
B5401,255,30.0,0.01,200,0.666861,0.076250
B5401,255,30.0,0.05,200,0.619856,0.090549
B5401,255,30.0,0.1,200,0.563971,0.099799
B5701,59,0.001,0.01,200,0.372421,0.042071
B5701,59,0.001,0.05,200,0.397801,0.047284
B5701,59,0.001,0.1,200,0.390903,0.053304
B5701,59,0.003,0.01,200,0.374429,0.041877
B5701,59,0.003,0.05,200,0.406762,0.046138
B5701,59,0.003,0.1,200,0.407174,0.050777
B5701,59,0.01,0.01,200,0.381386,0.041220
B5701,59,0.01,0.05,200,0.436220,0.042625
B5701,59,0.01,0.1,200,0.457530,0.043819
B5701,59,0.1,0.01,200,0.460050,0.034930
B5701,59,0.1,0.05,200,0.610115,0.027529
B5701,59,0.1,0.1,200,0.634456,0.026356
B5701,59,0.3,0.01,200,0.567032,0.028971
B5701,59,0.3,0.05,200,0.631157,0.026510
B5701,59,0.3,0.1,200,0.617563,0.027569
B5701,59,1.0,0.01,200,0.637734,0.027728
B5701,59,1.0,0.05,200,0.539536,0.031423
B5701,59,1.0,0.1,200,0.448982,0.036534
B5701,59,3.0,0.01,200,0.556920,0.033543
B5701,59,3.0,0.05,200,0.304347,0.040652
B5701,59,3.0,0.1,200,0.193703,0.052335
B5701,59,10.0,0.01,200,0.134231,0.044076
B5701,59,10.0,0.05,200,0.009294,0.053578
B5701,59,10.0,0.1,200,-0.025049,0.066910
B5701,59,30.0,0.01,200,-0.162455,0.052162
B5701,59,30.0,0.05,200,-0.151796,0.060210
B5701,59,30.0,0.1,200,-0.173161,0.067789
B5801,988,0.001,0.01,200,0.685633,0.020241
B5801,988,0.001,0.05,200,0.663585,0.024324
B5801,988,0.001,0.1,200,0.625264,0.030667
B5801,988,0.003,0.01,200,0.685659,0.020237
B5801,988,0.003,0.05,200,0.663616,0.024318
B5801,988,0.003,0.1,200,0.625297,0.030657
B5801,988,0.01,0.01,200,0.685750,0.020225
B5801,988,0.01,0.05,200,0.663720,0.024297
B5801,988,0.01,0.1,200,0.625400,0.030627
B5801,988,0.1,0.01,200,0.686815,0.020082
B5801,988,0.1,0.05,200,0.664643,0.024084
B5801,988,0.1,0.1,200,0.626109,0.030330
B5801,988,0.3,0.01,200,0.688646,0.019823
B5801,988,0.3,0.05,200,0.665745,0.023742
B5801,988,0.3,0.1,200,0.626903,0.029819
B5801,988,1.0,0.01,200,0.692353,0.019236
B5801,988,1.0,0.05,200,0.667171,0.022962
B5801,988,1.0,0.1,200,0.627777,0.028554
B5801,988,3.0,0.01,200,0.696094,0.018462
B5801,988,3.0,0.05,200,0.665942,0.021838
B5801,988,3.0,0.1,200,0.626147,0.026480
B5801,988,10.0,0.01,200,0.691374,0.018208
B5801,988,10.0,0.05,200,0.649541,0.021021
B5801,988,10.0,0.1,200,0.608878,0.024259
B5801,988,30.0,0.01,200,0.657488,0.020093
B5801,988,30.0,0.05,200,0.596815,0.022737
B5801,988,30.0,0.1,200,0.551201,0.025355